filippo.io/edwards25519,https://github.com/FiloSottile/edwards25519/blob/v1.2.0/LICENSE,BSD-3-Clause
github.com/99designs/gqlgen,https://github.com/99designs/gqlgen/blob/v0.17.90/LICENSE,MIT
github.com/VividCortex/ewma,https://github.com/VividCortex/ewma/blob/v1.2.0/LICENSE,MIT
github.com/acarl005/stripansi,https://github.com/acarl005/stripansi/blob/5a71ef0e047d/LICENSE,MIT
github.com/agnivade/levenshtein,https://github.com/agnivade/levenshtein/blob/v1.2.1/License.txt,MIT
github.com/clipperhouse/uax29/v2/graphemes,https://github.com/clipperhouse/uax29/blob/v2.7.0/LICENSE,MIT
github.com/ericismyeldestson/chinese-poetry-api,https://github.com/ericismyeldestson/chinese-poetry-api/blob/HEAD/LICENSE,GPL-3.0
github.com/fhluo/hanconv/go,https://github.com/fhluo/hanconv/blob/go/v0.3.0/go/LICENSE,MIT
github.com/fsnotify/fsnotify,https://github.com/fsnotify/fsnotify/blob/v1.9.0/LICENSE,BSD-3-Clause
github.com/gabriel-vasile/mimetype,https://github.com/gabriel-vasile/mimetype/blob/v1.4.13/LICENSE,MIT
github.com/gin-contrib/sse,https://github.com/gin-contrib/sse/blob/v1.1.1/LICENSE,MIT
github.com/gin-gonic/gin,https://github.com/gin-gonic/gin/blob/v1.12.0/LICENSE,MIT
github.com/go-playground/locales,https://github.com/go-playground/locales/blob/v0.14.1/LICENSE,MIT
github.com/go-playground/universal-translator,https://github.com/go-playground/universal-translator/blob/v0.18.1/LICENSE,MIT
github.com/go-playground/validator/v10,https://github.com/go-playground/validator/blob/v10.30.3/LICENSE,MIT
github.com/go-sql-driver/mysql,https://github.com/go-sql-driver/mysql/blob/v1.9.3/LICENSE,MPL-2.0
github.com/go-viper/mapstructure/v2,https://github.com/go-viper/mapstructure/blob/v2.5.0/LICENSE,MIT
github.com/goccy/go-yaml,https://github.com/goccy/go-yaml/blob/v1.19.2/LICENSE,MIT
github.com/google/uuid,https://github.com/google/uuid/blob/v1.6.0/LICENSE,BSD-3-Clause
github.com/gorilla/websocket,https://github.com/gorilla/websocket/blob/v1.5.0/LICENSE,BSD-2-Clause
github.com/hashicorp/golang-lru/v2,https://github.com/hashicorp/golang-lru/blob/v2.0.7/LICENSE,MPL-2.0
github.com/hashicorp/golang-lru/v2/simplelru,https://github.com/hashicorp/golang-lru/blob/v2.0.7/simplelru/LICENSE_list,BSD-3-Clause
github.com/jinzhu/inflection,https://github.com/jinzhu/inflection/blob/v1.0.0/LICENSE,MIT
github.com/jinzhu/now,https://github.com/jinzhu/now/blob/v1.1.5/License,MIT
github.com/leodido/go-urn,https://github.com/leodido/go-urn/blob/v1.4.0/LICENSE,MIT
github.com/mattn/go-isatty,https://github.com/mattn/go-isatty/blob/v0.0.22/LICENSE,MIT
github.com/mattn/go-runewidth,https://github.com/mattn/go-runewidth/blob/v0.0.24/LICENSE,MIT
github.com/mattn/go-sqlite3,https://github.com/mattn/go-sqlite3/blob/v1.14.32/LICENSE,MIT
github.com/pelletier/go-toml/v2,https://github.com/pelletier/go-toml/blob/v2.3.1/LICENSE,MIT
github.com/quic-go/qpack,https://github.com/quic-go/qpack/blob/v0.6.0/LICENSE.md,MIT
github.com/quic-go/quic-go,https://github.com/quic-go/quic-go/blob/v0.60.0/LICENSE,MIT
github.com/sagikazarmark/locafero,https://github.com/sagikazarmark/locafero/blob/v0.11.0/LICENSE,MIT
github.com/sosodev/duration,https://github.com/sosodev/duration/blob/v1.4.0/LICENSE,MIT
github.com/sourcegraph/conc,https://github.com/sourcegraph/conc/blob/5f936abd7ae8/LICENSE,MIT
github.com/spf13/afero,https://github.com/spf13/afero/blob/v1.15.0/LICENSE.txt,Apache-2.0
github.com/spf13/cast,https://github.com/spf13/cast/blob/v1.10.0/LICENSE,MIT
github.com/spf13/pflag,https://github.com/spf13/pflag/blob/v1.0.10/LICENSE,BSD-3-Clause
github.com/spf13/viper,https://github.com/spf13/viper/blob/v1.21.0/LICENSE,MIT
github.com/subosito/gotenv,https://github.com/subosito/gotenv/blob/v1.6.0/LICENSE,MIT
github.com/ugorji/go/codec,https://github.com/ugorji/go/blob/codec/v1.3.1/codec/LICENSE,MIT
github.com/vbauerster/mpb/v8,https://github.com/vbauerster/mpb/blob/v8.12.1/UNLICENSE,Unlicense
github.com/vektah/gqlparser/v2,https://github.com/vektah/gqlparser/blob/v2.5.33/LICENSE,MIT
go.mongodb.org/mongo-driver/v2,https://github.com/mongodb/mongo-go-driver/blob/v2.6.0/LICENSE,Apache-2.0
go.uber.org/multierr,https://github.com/uber-go/multierr/blob/v1.11.0/LICENSE.txt,MIT
go.uber.org/zap,https://github.com/uber-go/zap/blob/v1.28.0/LICENSE,MIT
go.yaml.in/yaml/v3,https://github.com/yaml/go-yaml/blob/v3.0.4/LICENSE,MIT
golang.org/x/crypto,https://cs.opensource.google/go/x/crypto/+/v0.53.0:LICENSE,BSD-3-Clause
golang.org/x/net,https://cs.opensource.google/go/x/net/+/v0.56.0:LICENSE,BSD-3-Clause
golang.org/x/sync/semaphore,https://cs.opensource.google/go/x/sync/+/v0.21.0:LICENSE,BSD-3-Clause
golang.org/x/sys,https://cs.opensource.google/go/x/sys/+/v0.46.0:LICENSE,BSD-3-Clause
golang.org/x/text,https://cs.opensource.google/go/x/text/+/v0.39.0:LICENSE,BSD-3-Clause
golang.org/x/time/rate,https://cs.opensource.google/go/x/time/+/v0.15.0:LICENSE,BSD-3-Clause
google.golang.org/protobuf,https://github.com/protocolbuffers/protobuf-go/blob/v1.36.11/LICENSE,BSD-3-Clause
gorm.io/datatypes,https://github.com/go-gorm/datatypes/blob/v1.2.7/License,MIT
gorm.io/driver/mysql,https://github.com/go-gorm/mysql/blob/v1.6.0/License,MIT
gorm.io/driver/sqlite,https://github.com/go-gorm/sqlite/blob/v1.6.0/License,MIT
gorm.io/gorm,https://github.com/go-gorm/gorm/blob/v1.31.1/LICENSE,MIT
